-- MariaDB dump 10.19  Distrib 10.4.27-MariaDB, for Win64 (AMD64)
--
-- Host: localhost    Database: control_escolar
-- ------------------------------------------------------
-- Server version	10.4.27-MariaDB

/*!40101 SET @OLD_CHARACTER_SET_CLIENT=@@CHARACTER_SET_CLIENT */;
/*!40101 SET @OLD_CHARACTER_SET_RESULTS=@@CHARACTER_SET_RESULTS */;
/*!40101 SET @OLD_COLLATION_CONNECTION=@@COLLATION_CONNECTION */;
/*!40101 SET NAMES utf8mb4 */;
/*!40103 SET @OLD_TIME_ZONE=@@TIME_ZONE */;
/*!40103 SET TIME_ZONE='+00:00' */;
/*!40014 SET @OLD_UNIQUE_CHECKS=@@UNIQUE_CHECKS, UNIQUE_CHECKS=0 */;
/*!40014 SET @OLD_FOREIGN_KEY_CHECKS=@@FOREIGN_KEY_CHECKS, FOREIGN_KEY_CHECKS=0 */;
/*!40101 SET @OLD_SQL_MODE=@@SQL_MODE, SQL_MODE='NO_AUTO_VALUE_ON_ZERO' */;
/*!40111 SET @OLD_SQL_NOTES=@@SQL_NOTES, SQL_NOTES=0 */;

--
-- Table structure for table `alumno_inf_academica`
--

DROP TABLE IF EXISTS `alumno_inf_academica`;
/*!40101 SET @saved_cs_client     = @@character_set_client */;
/*!40101 SET character_set_client = utf8 */;
CREATE TABLE `alumno_inf_academica` (
  `id_alumno` int(10) unsigned DEFAULT NULL,
  `fecha_titulacion` date DEFAULT NULL,
  `foto` blob DEFAULT NULL,
  `nip` int(11) DEFAULT NULL,
  `escuela_procedencia` varchar(255) DEFAULT NULL,
  `folio` int(11) DEFAULT NULL,
  `folio_probable` int(11) DEFAULT NULL,
  `firma` blob DEFAULT NULL,
  `periodo_ingreso_it` varchar(255) DEFAULT NULL,
  `periodo_titulacion` varchar(255) DEFAULT NULL,
  `periodos_revalidacion` int(11) DEFAULT NULL,
  `plan_de_estudios` varchar(255) DEFAULT NULL,
  `promedio_aritmetico_acumulado` decimal(10,0) DEFAULT NULL,
  `promedio_final_alcanzado` decimal(10,0) DEFAULT NULL,
  `promedio_periodo_anterior` decimal(10,0) DEFAULT NULL,
  `semestre` int(11) DEFAULT NULL,
  `tipo_alumno` varchar(255) DEFAULT NULL,
  `tipo_escuela` int(11) DEFAULT NULL,
  `tipo_ingreso` int(11) DEFAULT NULL,
  `tipo_servicio_medico` varchar(255) DEFAULT NULL,
  `ultimo_periodo_inscrito` varchar(255) DEFAULT NULL,
  `indice_reprobacion_acumulado` decimal(10,0) DEFAULT NULL,
  KEY `fk_aluinfaca_idalu_alum_idalu` (`id_alumno`),
  CONSTRAINT `fk_aluinfaca_idalu_alum_idalu` FOREIGN KEY (`id_alumno`) REFERENCES `alumnos` (`id_alumno`)
) ENGINE=InnoDB DEFAULT CHARSET=utf8mb4 COLLATE=utf8mb4_general_ci;
/*!40101 SET character_set_client = @saved_cs_client */;

--
-- Dumping data for table `alumno_inf_academica`
--

LOCK TABLES `alumno_inf_academica` WRITE;
/*!40000 ALTER TABLE `alumno_inf_academica` DISABLE KEYS */;
/*!40000 ALTER TABLE `alumno_inf_academica` ENABLE KEYS */;
UNLOCK TABLES;

--
-- Table structure for table `alumno_inf_personal`
--

DROP TABLE IF EXISTS `alumno_inf_personal`;
/*!40101 SET @saved_cs_client     = @@character_set_client */;
/*!40101 SET character_set_client = utf8 */;
CREATE TABLE `alumno_inf_personal` (
  `id_alumno` int(10) unsigned DEFAULT NULL,
  `ciudad_procedencia` varchar(255) DEFAULT NULL,
  `clave_servicio_medico` varchar(255) DEFAULT NULL,
  `correo_electronico` varchar(255) DEFAULT NULL,
  `domicilio_escuela` varchar(255) DEFAULT NULL,
  `entidad_procedencia` varchar(255) DEFAULT NULL,
  `estado_civil` varchar(255) DEFAULT NULL,
  `estatus_alumno_fecha` date DEFAULT NULL,
  `estatus_alumno_usuario` varchar(255) DEFAULT NULL,
  `fecha_actualizacion` datetime DEFAULT NULL,
  `fecha_nacimiento` date DEFAULT NULL,
  `hijo_trabajador` varchar(255) DEFAULT NULL,
  `nacionalidad` varchar(255) DEFAULT NULL,
  `genero` varchar(255) DEFAULT NULL,
  KEY `fk_aluinfper_idalum_alum_idalum` (`id_alumno`),
  CONSTRAINT `fk_aluinfper_idalum_alum_idalum` FOREIGN KEY (`id_alumno`) REFERENCES `alumnos` (`id_alumno`)
) ENGINE=InnoDB DEFAULT CHARSET=utf8mb4 COLLATE=utf8mb4_general_ci;
/*!40101 SET character_set_client = @saved_cs_client */;

--
-- Dumping data for table `alumno_inf_personal`
--

LOCK TABLES `alumno_inf_personal` WRITE;
/*!40000 ALTER TABLE `alumno_inf_personal` DISABLE KEYS */;
/*!40000 ALTER TABLE `alumno_inf_personal` ENABLE KEYS */;
UNLOCK TABLES;

--
-- Table structure for table `alumnos`
--

DROP TABLE IF EXISTS `alumnos`;
/*!40101 SET @saved_cs_client     = @@character_set_client */;
/*!40101 SET character_set_client = utf8 */;
CREATE TABLE `alumnos` (
  `id_alumno` int(10) unsigned NOT NULL AUTO_INCREMENT,
  `no_control` varchar(9) NOT NULL,
  `nombre` varchar(255) DEFAULT NULL,
  `apellido_materno` varchar(255) DEFAULT NULL,
  `apellido_paterno` varchar(255) DEFAULT NULL,
  `curp` varchar(18) NOT NULL,
  `id_reticula` int(10) unsigned DEFAULT NULL,
  `id_nivel_escolar` int(10) unsigned DEFAULT NULL,
  `becado_por` varchar(255) DEFAULT NULL,
  `creditos_aprobados` decimal(10,0) DEFAULT NULL,
  `creditos_cursados` decimal(10,0) DEFAULT NULL,
  `estatus_alumno` varchar(255) DEFAULT NULL,
  `estatus_alumno_anterior` varchar(255) DEFAULT NULL,
  `opcion_titulacion` varchar(255) DEFAULT NULL,
  `modalidad` varchar(255) DEFAULT NULL,
  `created_at` datetime DEFAULT NULL,
  `updated_at` datetime DEFAULT NULL,
  `deleted_at` datetime DEFAULT NULL,
  `created_by` varchar(255) DEFAULT NULL,
  `updated_by` varchar(255) DEFAULT NULL,
  `deleted_by` varchar(255) DEFAULT NULL,
  PRIMARY KEY (`id_alumno`),
  UNIQUE KEY `no_control` (`no_control`),
  UNIQUE KEY `curp` (`curp`),
  KEY `fk_alum_idesp_rets_idesp` (`id_reticula`),
  KEY `fk_alum_idnivesc_nivesc_idnivesc` (`id_nivel_escolar`),
  CONSTRAINT `fk_alum_idesp_rets_idesp` FOREIGN KEY (`id_reticula`) REFERENCES `reticulas` (`id_reticula`),
  CONSTRAINT `fk_alum_idnivesc_nivesc_idnivesc` FOREIGN KEY (`id_nivel_escolar`) REFERENCES `nivel_escolar` (`id_nivel_escolar`)
) ENGINE=InnoDB DEFAULT CHARSET=utf8mb4 COLLATE=utf8mb4_general_ci;
/*!40101 SET character_set_client = @saved_cs_client */;

--
-- Dumping data for table `alumnos`
--

LOCK TABLES `alumnos` WRITE;
/*!40000 ALTER TABLE `alumnos` DISABLE KEYS */;
/*!40000 ALTER TABLE `alumnos` ENABLE KEYS */;
UNLOCK TABLES;

--
-- Table structure for table `asignaturas`
--

DROP TABLE IF EXISTS `asignaturas`;
/*!40101 SET @saved_cs_client     = @@character_set_client */;
/*!40101 SET character_set_client = utf8 */;
CREATE TABLE `asignaturas` (
  `id_asignatura` int(10) unsigned NOT NULL AUTO_INCREMENT,
  `nombre_asignatura` varchar(255) NOT NULL,
  `nombre_abreviado_asignatura` varchar(255) DEFAULT NULL,
  `id_tipo_asignatura` int(10) unsigned NOT NULL,
  `id_nivel_escolar` int(10) unsigned DEFAULT NULL,
  `clave_asignatura` varchar(255) DEFAULT NULL,
  `horas_teoricas` int(11) DEFAULT NULL,
  `horas_practicas` int(11) DEFAULT NULL,
  `created_at` datetime DEFAULT NULL,
  `updated_at` datetime DEFAULT NULL,
  `deleted_at` datetime DEFAULT NULL,
  `created_by` varchar(255) DEFAULT NULL,
  `updated_by` varchar(255) DEFAULT NULL,
  `deleted_by` varchar(255) DEFAULT NULL,
  PRIMARY KEY (`id_asignatura`),
  KEY `fk_asig_idnivesc_nivesc_idnivesc` (`id_nivel_escolar`),
  KEY `fk_asig_idtipasi_tipasi_idtipasi` (`id_tipo_asignatura`),
  CONSTRAINT `fk_asig_idnivesc_nivesc_idnivesc` FOREIGN KEY (`id_nivel_escolar`) REFERENCES `nivel_escolar` (`id_nivel_escolar`),
  CONSTRAINT `fk_asig_idtipasi_tipasi_idtipasi` FOREIGN KEY (`id_tipo_asignatura`) REFERENCES `tipo_asignatura` (`id_tipo_asignatura`)
) ENGINE=InnoDB AUTO_INCREMENT=262 DEFAULT CHARSET=utf8mb4 COLLATE=utf8mb4_general_ci;
/*!40101 SET character_set_client = @saved_cs_client */;

--
-- Dumping data for table `asignaturas`
--

LOCK TABLES `asignaturas` WRITE;
/*!40000 ALTER TABLE `asignaturas` DISABLE KEYS */;
INSERT INTO `asignaturas` VALUES (1,'TALLER DE HERRAMIENTAS INTELECTUALES','',2,1,'INH-1029',1,3,NULL,NULL,NULL,NULL,NULL,NULL),(2,'QUÍMICA','',2,1,'INC-1025',2,2,NULL,NULL,NULL,NULL,NULL,NULL),(3,'DIBUJO INDUSTRIAL','',2,1,'INN-1008',0,6,NULL,NULL,NULL,NULL,NULL,NULL),(4,'INTRODUCCIÓN A LA INGENIERÍA EN LOGÍSTICA','',2,1,'LOC-0919',2,2,NULL,NULL,NULL,NULL,NULL,NULL),(5,'FUNDAMENTOS DE ADMINISTRACIÓN','',2,1,'LOC-0913',2,2,NULL,NULL,NULL,NULL,NULL,NULL),(6,'FUNDAMENTOS DE FÍSICA','',2,1,'GEC-0909',2,2,NULL,NULL,NULL,NULL,NULL,NULL),(7,'DESARROLLO HUMANO','',2,1,'GEC-0905',2,2,NULL,NULL,NULL,NULL,NULL,NULL),(8,'FUNDAMENTOS DE GESTIÓN EMPRESARIAL','',2,1,'AEF-1074',3,2,NULL,NULL,NULL,NULL,NULL,NULL),(9,'FUNDAMENTOS DE QUÍMICA','',2,1,'GEF-0910',3,2,NULL,NULL,NULL,NULL,NULL,NULL),(10,'INTRODUCCIÓN A LA CONTABILIDAD FINANCIERA','',2,1,'CPM-1030',2,4,NULL,NULL,NULL,NULL,NULL,NULL),(11,'ADMINISTRACIÓN','',2,1,'CPC-1001',2,2,NULL,NULL,NULL,NULL,NULL,NULL),(12,'FUNDAMENTOS DE DERECHO','',2,1,'CPC-1025',2,2,NULL,NULL,NULL,NULL,NULL,NULL),(13,'DESARROLLO HUMANO','',2,1,'CPC-1018',2,2,NULL,NULL,NULL,NULL,NULL,NULL),(14,'FUNDAMENTOS DE PROGRAMACIÓN','',2,1,'AED-1285',2,3,NULL,NULL,NULL,NULL,NULL,NULL),(15,'MATEMÁTICAS DISCRETAS','',2,1,'AEF-1041',3,2,NULL,NULL,NULL,NULL,NULL,NULL),(16,'TALLER DE ADMINISTRACIÓN','',2,1,'SCH-1024',1,3,NULL,NULL,NULL,NULL,NULL,NULL),(17,'DIBUJO ELECTROMECÁNICO','',2,1,'AEF-1390',3,2,NULL,NULL,NULL,NULL,NULL,NULL),(18,'CONTABILIDAD ORIENTADA A LOS NEGOCIOS','',2,1,'GED-0903',2,3,NULL,NULL,NULL,NULL,NULL,NULL),(19,'ELECTRICIDAD Y ELECTRÓNICA INDUSTRIAL','',2,1,'INC-1009',2,2,NULL,NULL,NULL,NULL,NULL,NULL),(20,'PROPIEDAD DE LOS MATERIALES','',2,1,'INC-1024',2,2,NULL,NULL,NULL,NULL,NULL,NULL),(21,'INGENIERÍA DE SISTEMAS','',2,1,'INR-1017',2,1,NULL,NULL,NULL,NULL,NULL,NULL),(22,'ANÁLISIS DE LA REALIDAD NACIONAL','',2,1,'INQ-1006',1,2,NULL,NULL,NULL,NULL,NULL,NULL),(23,'TALLER DE LIDERAZGO','',2,1,'INC-1030',2,2,NULL,NULL,NULL,NULL,NULL,NULL),(24,'CADENA DE SUMINISTROS','',2,1,'LOC-0903',2,2,NULL,NULL,NULL,NULL,NULL,NULL),(25,'DIBUJO ASISTIDO POR COMPUTADORA','',2,1,'LOH-0909',1,3,NULL,NULL,NULL,NULL,NULL,NULL),(26,'FUNDAMENTOS DE DERECHO','',2,1,'LOC-0914',2,2,NULL,NULL,NULL,NULL,NULL,NULL),(27,'QUÍMICA','',2,1,'LOC-0927',2,2,NULL,NULL,NULL,NULL,NULL,NULL),(28,'BASE DE DATOS','',2,1,'LOH-0902',1,3,NULL,NULL,NULL,NULL,NULL,NULL),(29,'SOFTWARE DE APLICACIÓN EJECUTIVO','',2,1,'AEB-1082',1,4,NULL,NULL,NULL,NULL,NULL,NULL),(30,'DINÁMICA SOCIAL','',2,1,'AEC-1014',2,2,NULL,NULL,NULL,NULL,NULL,NULL),(31,'LEGISLACIÓN LABORAL','',2,1,'GEE-0918',3,1,NULL,NULL,NULL,NULL,NULL,NULL),(32,'CONTABILIDAD FINANCIERA I','',2,1,'CPM-1012',2,4,NULL,NULL,NULL,NULL,NULL,NULL),(33,'CÁLCULO DIFERENCIAL E INTEGRAL','',2,1,'CPD-1008',2,3,NULL,NULL,NULL,NULL,NULL,NULL),(34,'DERECHO MERCANTIL','',2,1,'CPC-1016',2,2,NULL,NULL,NULL,NULL,NULL,NULL),(35,'DINÁMICA SOCIAL','',2,1,'CPC-1019',2,2,NULL,NULL,NULL,NULL,NULL,NULL),(36,'ESTADÍSTICA ADMINISTRATIVA I','',2,1,'CPC-1022',2,2,NULL,NULL,NULL,NULL,NULL,NULL),(37,'COMUNICACIÓN HUMANA','',2,1,'CPC-1009',2,2,NULL,NULL,NULL,NULL,NULL,NULL),(38,'PROGRAMACIÓN ORIENTADA A OBJETOS','',2,1,'AED-1286',2,3,NULL,NULL,NULL,NULL,NULL,NULL),(39,'CONTABILIDAD FINANCIERA','',2,1,'AEC-1008',2,2,NULL,NULL,NULL,NULL,NULL,NULL),(40,'PROBABILIDAD Y ESTADÍSTICA','',2,1,'AEF-1052',3,2,NULL,NULL,NULL,NULL,NULL,NULL),(41,'TECNOLOGÍA DE LOS MATERIALES','',2,1,'EME-1028',3,1,NULL,NULL,NULL,NULL,NULL,NULL),(42,'PROBABILIDAD Y ESTADÍSTICA','',2,1,'AEE-1051',3,1,NULL,NULL,NULL,NULL,NULL,NULL),(43,'METROLOGÍA Y NORMALIZACIÓN','',2,1,'AEC-1047',2,2,NULL,NULL,NULL,NULL,NULL,NULL),(44,'ESTÁTICA','',2,1,'EME-1012',3,1,NULL,NULL,NULL,NULL,NULL,NULL),(45,'COSTOS EMPRESARIALES','',2,1,'GED-0904',2,3,NULL,NULL,NULL,NULL,NULL,NULL),(46,'METROLOGÍA Y NORMALIZACIÓN','',2,1,'AEC-1048',2,2,NULL,NULL,NULL,NULL,NULL,NULL),(47,'ESTUDIO DEL TRABAJO I','',2,1,'INJ-1011',4,2,NULL,NULL,NULL,NULL,NULL,NULL),(48,'RELACIONES INDUSTRIALES','',2,1,'INC-1026',2,2,NULL,NULL,NULL,NULL,NULL,NULL),(49,'COMPRAS','',2,1,'LOC-0905',2,2,NULL,NULL,NULL,NULL,NULL,NULL),(50,'ENTORNO ECONÓMICO','',2,1,'LOC-0911',2,2,NULL,NULL,NULL,NULL,NULL,NULL),(51,'MECÁNICA CLÁSICA','',2,1,'AEF-1042',3,2,NULL,NULL,NULL,NULL,NULL,NULL),(52,'MARCO LEGAL DE LAS ORGANIZACIONES','',2,1,'AEC-1078',2,2,NULL,NULL,NULL,NULL,NULL,NULL),(53,'PROBABILIDAD Y ESTADÍSTICA DESCRIPTIVA','',2,1,'GED-0921',2,3,NULL,NULL,NULL,NULL,NULL,NULL),(54,'HABILIDADES DIRECTIVAS I','',2,1,'GEC-0913',2,2,NULL,NULL,NULL,NULL,NULL,NULL),(55,'ECONOMÍA EMPRESARIAL','',2,1,'AEF-1071',3,2,NULL,NULL,NULL,NULL,NULL,NULL),(56,'CONTABILIDAD FINANCIERA II','',2,1,'CPM-1013',2,4,NULL,NULL,NULL,NULL,NULL,NULL),(57,'MERCADOTECNIA','',2,1,'CPC-1033',2,2,NULL,NULL,NULL,NULL,NULL,NULL),(58,'MATEMÁTICAS FINANCIERAS','',2,1,'CPC-1032',2,2,NULL,NULL,NULL,NULL,NULL,NULL),(59,'DERECHO LABORAL Y SEGURIDAD SOCIAL','',2,1,'CPC-1015',2,2,NULL,NULL,NULL,NULL,NULL,NULL),(60,'GESTIÓN DEL TALENTO HUMANO','',2,1,'CPC-1026',2,2,NULL,NULL,NULL,NULL,NULL,NULL),(61,'ESTADÍSTICA ADMINISTRATIVA II','',2,1,'CPC-1023',2,2,NULL,NULL,NULL,NULL,NULL,NULL),(62,'TALLER DE INFORMÁTICA I','',2,1,'CPC-1040',2,2,NULL,NULL,NULL,NULL,NULL,NULL),(63,'ESTRUCTURA DE DATOS','',2,1,'AED-1026',2,3,NULL,NULL,NULL,NULL,NULL,NULL),(64,'CULTURA EMPRESARIAL','',2,1,'SCC-1005',2,2,NULL,NULL,NULL,NULL,NULL,NULL),(65,'INVESTIGACIÓN DE OPERACIONES','',2,1,'SCC-1013',2,2,NULL,NULL,NULL,NULL,NULL,NULL),(66,'FÍSICA GENERAL','',2,1,'SCF-1006',3,2,NULL,NULL,NULL,NULL,NULL,NULL),(67,'MECÁNICA DE MATERIALES','',2,1,'EMJ-1021',4,2,NULL,NULL,NULL,NULL,NULL,NULL),(68,'PROCESOS DE MANUFACTURA','',2,1,'EMC-1022',2,2,NULL,NULL,NULL,NULL,NULL,NULL),(69,'ELECTRICIDAD Y MAGNETISMO','',2,1,'EMC-1011',2,2,NULL,NULL,NULL,NULL,NULL,NULL),(70,'DINÁMICA','',2,1,'EME-1008',3,1,NULL,NULL,NULL,NULL,NULL,NULL),(71,'PROCESOS DE FABRICACIÓN','',2,1,'INC-1023',2,2,NULL,NULL,NULL,NULL,NULL,NULL),(72,'FÍSICA','',2,1,'INC-1013',2,2,NULL,NULL,NULL,NULL,NULL,NULL),(73,'ALGORITMOS Y LENGUAJES DE PROGRAMACIÓN','',2,1,'INC-1005',2,2,NULL,NULL,NULL,NULL,NULL,NULL),(74,'INVESTIGACIÓN DE OPERACIONES I','',2,1,'INC-1018',2,2,NULL,NULL,NULL,NULL,NULL,NULL),(75,'ESTUDIO DEL TRABAJO II','',2,1,'INJ-1012',4,2,NULL,NULL,NULL,NULL,NULL,NULL),(76,'HIGIENE Y SEGURIDAD INDUSTRIAL','',2,1,'INF-1016',3,2,NULL,NULL,NULL,NULL,NULL,NULL),(77,'INVENTARIOS','',2,1,'LOE-0920',3,1,NULL,NULL,NULL,NULL,NULL,NULL),(78,'SERVICIO AL CLIENTE','',2,1,'LOC-0928',2,2,NULL,NULL,NULL,NULL,NULL,NULL),(79,'LEGISLACIÓN ADUANERA','',2,1,'LOD-0923',2,3,NULL,NULL,NULL,NULL,NULL,NULL),(80,'TÓPICOS DE INGENIERÍA MECÁNICA','',2,1,'LOF-0930',3,2,NULL,NULL,NULL,NULL,NULL,NULL),(81,'HIGIENE Y SEGURIDAD','',2,1,'LOJ-0917',4,2,NULL,NULL,NULL,NULL,NULL,NULL),(82,'INNOVACIÓN','',2,1,'LOF-0918',3,2,NULL,NULL,NULL,NULL,NULL,NULL),(83,'INGENIERÍA ECONÓMICA','',2,1,'GEF-0916',3,2,NULL,NULL,NULL,NULL,NULL,NULL),(84,'ESTADÍSTICA INFERENCIAL I','',2,1,'GEG-0907',3,3,NULL,NULL,NULL,NULL,NULL,NULL),(85,'INSTRUMENTOS DE PRESUPUESTACIÓN EMPRESARIAL','',2,1,'GED-0917',2,3,NULL,NULL,NULL,NULL,NULL,NULL),(86,'HABILIDADES DIRECTIVAS II','',2,1,'GEC-0914',2,2,NULL,NULL,NULL,NULL,NULL,NULL),(87,'ENTORNO MACROECONÓMICO','',2,1,'GEF-0906',3,2,NULL,NULL,NULL,NULL,NULL,NULL),(88,'INVESTIGACIÓN DE OPERACIONES','',2,1,'AEF-1076',3,2,NULL,NULL,NULL,NULL,NULL,NULL),(89,'CONTABILIDAD DE SOCIEDADES','',2,1,'CPD-1011',2,3,NULL,NULL,NULL,NULL,NULL,NULL),(90,'SISTEMA DE COSTOS HISTÓRICOS','',2,1,'CPD-1038',2,3,NULL,NULL,NULL,NULL,NULL,NULL),(91,'MICROECONOMÍA','',2,1,'CPC-1034',2,2,NULL,NULL,NULL,NULL,NULL,NULL),(92,'DERECHO TRIBUTARIO','',2,1,'CPC-1017',2,2,NULL,NULL,NULL,NULL,NULL,NULL),(93,'ANÁLISIS E INTERPRETACIÓN DE ESTADOS FINANCIEROS','',2,1,'CPC-1005',2,2,NULL,NULL,NULL,NULL,NULL,NULL),(94,'ECUACIONES DIFERENCIALES','',2,1,'ACF-0905',3,2,NULL,NULL,NULL,NULL,NULL,NULL),(95,'MÉTODOS NUMÉRICOS','',2,1,'SCC-1017',2,2,NULL,NULL,NULL,NULL,NULL,NULL),(96,'TÓPICOS AVANZADOS DE PROGRAMACIÓN','',2,1,'SCD-1027',2,3,NULL,NULL,NULL,NULL,NULL,NULL),(97,'FUNDAMENTOS DE BASE DE DATOS','',2,1,'AEF-1031',3,2,NULL,NULL,NULL,NULL,NULL,NULL),(98,'SIMULACIÓN','',2,1,'SCD-1022',2,3,NULL,NULL,NULL,NULL,NULL,NULL),(99,'PRINCIPIOS ELÉCTRICOS Y APLICACIONES DIGITALES','',2,1,'SCD-1018',2,3,NULL,NULL,NULL,NULL,NULL,NULL),(100,'ARQUITECTURA DE COMPUTADORAS','',2,1,'SCD-1003',2,3,NULL,NULL,NULL,NULL,NULL,NULL),(101,'DISEÑO DE ELEMENTOS DE MÁQUINAS','',2,1,'EMF-1009',3,2,NULL,NULL,NULL,NULL,NULL,NULL),(102,'TERMODINÁMICA','',2,1,'EME-1029',3,1,NULL,NULL,NULL,NULL,NULL,NULL),(103,'ANÁLISIS DE CIRCUITOS ELÉCTRICOS DE CD','',2,1,'EMF-1004',3,2,NULL,NULL,NULL,NULL,NULL,NULL),(104,'ANÁLISIS Y SÍNTESIS DE MECANISMOS','',2,1,'EME-1005',3,1,NULL,NULL,NULL,NULL,NULL,NULL),(105,'ELECTRÓNICA ANALÓGICA','',2,1,'AEF-1021',3,2,NULL,NULL,NULL,NULL,NULL,NULL),(106,'MECÁNICA DE FLUIDOS','',2,1,'EME-1020',3,1,NULL,NULL,NULL,NULL,NULL,NULL),(107,'ADMINISTRACIÓN DE PROYECTOS','',2,1,'INR-1003',2,1,NULL,NULL,NULL,NULL,NULL,NULL),(108,'GESTIÓN DE COSTOS','',2,1,'AEC-1392',2,2,NULL,NULL,NULL,NULL,NULL,NULL),(109,'ADMINISTRACIÓN DE LAS OPERACIONES I','',2,1,'INC-1001',2,2,NULL,NULL,NULL,NULL,NULL,NULL),(110,'INVESTIGACIÓN DE OPERACIONES II','',2,1,'INC-1019',2,2,NULL,NULL,NULL,NULL,NULL,NULL),(111,'CONTROL ESTADÍSTICO DE LA CALIDAD','',2,1,'INF-1007',3,2,NULL,NULL,NULL,NULL,NULL,NULL),(112,'ERGONOMÍA','',2,1,'INF-1010',3,2,NULL,NULL,NULL,NULL,NULL,NULL),(113,'ALMACENES','',2,1,'LOF-0901',3,2,NULL,NULL,NULL,NULL,NULL,NULL),(114,'INVESTIGACIÓN DE OPERACIONES I','',2,1,'LOE-0921',3,1,NULL,NULL,NULL,NULL,NULL,NULL),(115,'TIPOLOGÍA DEL PRODUCTO','',2,1,'LOC-0929',2,2,NULL,NULL,NULL,NULL,NULL,NULL),(116,'DESARROLLO HUMANO Y ORGANIZACIONAL','',2,1,'LOC-0908',2,2,NULL,NULL,NULL,NULL,NULL,NULL),(117,'CONTABILIDAD Y COSTOS','',2,1,'LOD-0906',2,3,NULL,NULL,NULL,NULL,NULL,NULL),(118,'PROGRAMACIÓN DE PROCESOS PRODUCTIVOS','',2,1,'LOC-0926',2,2,NULL,NULL,NULL,NULL,NULL,NULL),(119,'FINANZAS EN LAS ORGANIZACIONES','',2,1,'AEF-1073',3,2,NULL,NULL,NULL,NULL,NULL,NULL),(120,'ESTADÍSTICA INFERENCIAL II','',2,1,'GEG-0908',3,3,NULL,NULL,NULL,NULL,NULL,NULL),(121,'INGENIERÍA DE PROCESOS','',2,1,'GEF-0915',3,2,NULL,NULL,NULL,NULL,NULL,NULL),(122,'GESTIÓN DEL CAPITAL HUMANO','',2,1,'AEG-1075',3,3,NULL,NULL,NULL,NULL,NULL,NULL),(123,'MERCADOTECNIA','',2,1,'GEF-0919',3,2,NULL,NULL,NULL,NULL,NULL,NULL),(124,'PLAN DE NEGOCIOS','',2,1,'GED-0920',2,3,NULL,NULL,NULL,NULL,NULL,NULL),(125,'CONTABILIDAD AVANZADA','',2,1,'CPD-1010',2,3,NULL,NULL,NULL,NULL,NULL,NULL),(126,'SISTEMAS DE COSTOS PREDETERMINADOS','',2,1,'CPD-1039',2,3,NULL,NULL,NULL,NULL,NULL,NULL),(127,'MACROECONOMÍA','',2,1,'CPC-1031',2,2,NULL,NULL,NULL,NULL,NULL,NULL),(128,'IMPUESTOS PERSONAS MORALES','',2,1,'CPJ-1028',4,2,NULL,NULL,NULL,NULL,NULL,NULL),(129,'FUNDAMENTOS DE AUDITORÍA','',2,1,'CPC-1024',2,2,NULL,NULL,NULL,NULL,NULL,NULL),(130,'ADMINISTRACIÓN DE LA PRODUCCIÓN Y DE LAS OPERACIONES','',2,1,'CPC-1003',2,2,NULL,NULL,NULL,NULL,NULL,NULL),(131,'GRAFICACIÓN','',2,1,'SCC-1010',2,2,NULL,NULL,NULL,NULL,NULL,NULL),(132,'LENGUAJES Y AUTÓMATAS I','',2,1,'SCD-1015',2,3,NULL,NULL,NULL,NULL,NULL,NULL),(133,'PROGRAMACIÓN LÓGICA Y FUNCIONAL','',2,1,'SCC-1019',2,2,NULL,NULL,NULL,NULL,NULL,NULL),(134,'FUNDAMENTOS DE TELECOMUNICACIONES','',2,1,'AEC-1034',2,2,NULL,NULL,NULL,NULL,NULL,NULL),(135,'SISTEMAS OPERATIVOS','',2,1,'AEC-1061',2,2,NULL,NULL,NULL,NULL,NULL,NULL),(136,'TALLER DE BASE DE DATOS','',2,1,'SCA-1025',0,4,NULL,NULL,NULL,NULL,NULL,NULL),(137,'FUNDAMENTOS DE ING. DE SOFTWARE','',2,1,'SCC-1007',2,2,NULL,NULL,NULL,NULL,NULL,NULL),(138,'ADMINISTRACIÓN Y TÉCNICAS DE MANTENIMIENTO','',2,1,'EMJ-1001',4,2,NULL,NULL,NULL,NULL,NULL,NULL),(139,'DISEÑO E INGENIERÍA ASISTIDOS POR COMPUTADORA','',2,1,'EMC-1010',2,2,NULL,NULL,NULL,NULL,NULL,NULL),(140,'TRANSFERENCIA DE CALOR','',2,1,'EME-1030',3,1,NULL,NULL,NULL,NULL,NULL,NULL),(141,'ANÁLISIS DE CIRCUITOS ELÉCTRICOS DE CA','',2,1,'EMF-1003',3,2,NULL,NULL,NULL,NULL,NULL,NULL),(142,'ELECTRÓNICA DIGITAL','',2,1,'AEF-1022',2,2,NULL,NULL,NULL,NULL,NULL,NULL),(143,'SISTEMAS Y MÁQUINAS DE FLUIDOS','',2,1,'EMJ-1026',4,2,NULL,NULL,NULL,NULL,NULL,NULL),(144,'INTRODUCCIÓN A LA PROGRAMACIÓN','',2,1,'EMH-1016',1,3,NULL,NULL,NULL,NULL,NULL,NULL),(145,'ADMINISTRACIÓN DE LAS OPERACIONES II','',2,1,'INC-1002',2,2,NULL,NULL,NULL,NULL,NULL,NULL),(146,'SIMULACIÓN','',2,1,'INC-1027',2,2,NULL,NULL,NULL,NULL,NULL,NULL),(147,'ADMINISTRACIÓN DEL MANTENIMIENTO','',2,1,'INC-1004',2,2,NULL,NULL,NULL,NULL,NULL,NULL),(148,'INGENIERÍA DE DISEÑO E INNOVACIÓN EN LA EVALUACIÓN DE IMPACTOS','',3,1,'GIM-2101',2,4,NULL,NULL,NULL,NULL,NULL,NULL),(149,'TRÁFICO Y TRANSPORTE','',2,1,'LOF-0931',3,2,NULL,NULL,NULL,NULL,NULL,NULL),(150,'INVESTIGACIÓN DE OPERACIONES II','',2,1,'LOE-0922',3,1,NULL,NULL,NULL,NULL,NULL,NULL),(151,'EMPAQUE, ENVASE Y EMBALAJE','',2,1,'LOC-0910',2,2,NULL,NULL,NULL,NULL,NULL,NULL),(152,'FINANZAS','',2,1,'LOF-0912',3,2,NULL,NULL,NULL,NULL,NULL,NULL),(153,'GEOGRAFÍA PARA EL TRANSPORTE','',2,1,'LOD-0915',2,3,NULL,NULL,NULL,NULL,NULL,NULL),(154,'EL EMPRENDEDOR Y LA INNOVACIÓN','',2,1,'AED-1072',2,3,NULL,NULL,NULL,NULL,NULL,NULL),(155,'ADMINISTRACIÓN DE LA SALUD Y SEGURIDAD OCUPACIONAL','',2,1,'GEF-0901',3,2,NULL,NULL,NULL,NULL,NULL,NULL),(156,'GESTIÓN DE LA PRODUCCIÓN I','',2,1,'GEC-0911',2,2,NULL,NULL,NULL,NULL,NULL,NULL),(157,'DISEÑO ORGANIZACIONAL','',2,1,'AED-1015',2,3,NULL,NULL,NULL,NULL,NULL,NULL),(158,'SISTEMAS DE INFORMACIÓN DE MERCADOTECNIA','',2,1,'GED-0922',2,3,NULL,NULL,NULL,NULL,NULL,NULL),(159,'HABILIDADES DE AUTOGESTIÓN PARA EL EMPRENDIMIENTO','',3,1,'IED-2001',2,3,NULL,NULL,NULL,NULL,NULL,NULL),(160,'CONTABILIDAD INTERNACIONAL','',2,1,'CPD-1014',2,3,NULL,NULL,NULL,NULL,NULL,NULL),(161,'GESTIÓN Y TOMA DE DECISIONES','',2,1,'CPF-1027',3,2,NULL,NULL,NULL,NULL,NULL,NULL),(162,'ADMINISTRACIÓN ESTRATÉGICA','',2,1,'CPC-1002',2,2,NULL,NULL,NULL,NULL,NULL,NULL),(163,'IMPUESTOS PERSONAS FÍSICAS','',2,1,'CPJ-1029',4,2,NULL,NULL,NULL,NULL,NULL,NULL),(164,'AUDITORÍA PARA EFECTOS FINANCIEROS','',2,1,'CPD-1006',2,3,NULL,NULL,NULL,NULL,NULL,NULL),(165,'ECONOMÍA INTERNACIONAL','',2,1,'CPC-1020',2,2,NULL,NULL,NULL,NULL,NULL,NULL),(166,'PLANEACIÓN FINANCIERA','',2,1,'CPC-1036',2,2,NULL,NULL,NULL,NULL,NULL,NULL),(167,'TECNOLOGÍAS DE DESARROLLO PARA DISPOSITIVOS MÓVILES','',3,1,'ADD-2301',2,3,NULL,NULL,NULL,NULL,NULL,NULL),(168,'LENGUAJES Y AUTÓMATAS II','',2,1,'SCD-1016',2,3,NULL,NULL,NULL,NULL,NULL,NULL),(169,'REDES DE COMPUTADORAS','',2,1,'SCD-1021',2,3,NULL,NULL,NULL,NULL,NULL,NULL),(170,'TALLER DE SISTEMAS OPERATIVOS','',2,1,'SCA-1026',0,4,NULL,NULL,NULL,NULL,NULL,NULL),(171,'ADMINISTRACIÓN DE BASE DE DATOS','',2,1,'SCB-1001',1,4,NULL,NULL,NULL,NULL,NULL,NULL),(172,'INGENIERÍA DE SOFTWARE','',2,1,'SCD-1011',2,3,NULL,NULL,NULL,NULL,NULL,NULL),(173,'LENGUAJES DE INTERFAZ','',2,1,'SCC-1014',2,2,NULL,NULL,NULL,NULL,NULL,NULL),(174,'MÁQUINAS Y EQUIPOS TÉRMICOS I','',2,1,'EMC-1018',2,2,NULL,NULL,NULL,NULL,NULL,NULL),(175,'AHORRO DE ENERGÍA','',2,1,'EMJ-1002',4,2,NULL,NULL,NULL,NULL,NULL,NULL),(176,'INSTALACIONES ELÉCTRICAS','',2,1,'EMF-1015',3,2,NULL,NULL,NULL,NULL,NULL,NULL),(177,'MÁQUINAS ELÉCTRICAS','',2,1,'EMJ-1017',4,2,NULL,NULL,NULL,NULL,NULL,NULL),(178,'CONTROLES ELÉCTRICOS','',2,1,'EMF-1006',3,2,NULL,NULL,NULL,NULL,NULL,NULL),(179,'ELECTRONICA DE POTENCIA APLICADA','',3,1,'SAH-2301',1,3,NULL,NULL,NULL,NULL,NULL,NULL),(180,'SISTEMAS Y EQUIPOS DE BOMBEO','',3,1,'SAK-2302',0,2,NULL,NULL,NULL,NULL,NULL,NULL),(181,'PLANEACIÓN FINANCIERA','',2,1,'INC-1021',2,2,NULL,NULL,NULL,NULL,NULL,NULL),(182,'PLANEACIÓN Y DISEÑO DE INSTALACIONES','',2,1,'INC-1022',2,2,NULL,NULL,NULL,NULL,NULL,NULL),(183,'SISTEMAS DE MANUFACTURA','',2,1,'INF-1028',3,2,NULL,NULL,NULL,NULL,NULL,NULL),(184,'LOGÍSTICA Y CADENA DE SUMINISTROS','',2,1,'INH-1020',1,3,NULL,NULL,NULL,NULL,NULL,NULL),(185,'GESTIÓN DE LOS SISTEMAS DE LA CALIDAD','',2,1,'INC-1015',2,2,NULL,NULL,NULL,NULL,NULL,NULL),(186,'ÉTICA E INTEGRACIÓN DEL FACTOR HUMANO EN LA 4TA. REVOLUCIÓN INDUSTRIAL','',3,1,'GIP-2102',3,0,NULL,NULL,NULL,NULL,NULL,NULL),(187,'PROCESOS DE FABRICACIÓN Y MANEJO DE MATERIALES','',2,1,'LOC-0925',2,2,NULL,NULL,NULL,NULL,NULL,NULL),(188,'MODELOS DE SIMULACIÓN Y LOGÍSTICA','',2,1,'LOC-0924',2,2,NULL,NULL,NULL,NULL,NULL,NULL),(189,'CULTURA DE CALIDAD','',2,1,'LOC-0907',2,2,NULL,NULL,NULL,NULL,NULL,NULL),(190,'COMERCIO INTERNACIONAL','',2,1,'LOE-0904',3,1,NULL,NULL,NULL,NULL,NULL,NULL),(191,'SISTEMAS INTELIGENTES E INTEGRALES EN LOGISTICA','',3,1,'LID-2201',2,2,NULL,NULL,NULL,NULL,NULL,NULL),(192,'INGENIERIA DE LA INNOVACION EN LOGISTICA SUSTENTABLE','',3,1,'LID-2202',2,3,NULL,NULL,NULL,NULL,NULL,NULL),(193,'EMPRENDIMIENTO I','',3,1,'IED-2002',2,3,NULL,NULL,NULL,NULL,NULL,NULL),(194,'CALIDAD APLICADA A LA GESTIÓN EMPRESARIAL','',2,1,'AED-1069',2,3,NULL,NULL,NULL,NULL,NULL,NULL),(195,'GESTIÓN DE LA PRODUCCIÓN II','',2,1,'GEC-0912',2,2,NULL,NULL,NULL,NULL,NULL,NULL),(196,'GESTIÓN ESTRATÉGICA','',2,1,'AED-1035',2,3,NULL,NULL,NULL,NULL,NULL,NULL),(197,'MERCADOTECNIA ELECTRÓNICA','',2,1,'AEB-1045',1,4,NULL,NULL,NULL,NULL,NULL,NULL),(198,'SEMINARIO DE CONTADURÍA','',2,1,'CPO-1037',0,3,NULL,NULL,NULL,NULL,NULL,NULL),(199,'CONTROL INTERNO','',3,1,'FED-2201',2,3,NULL,NULL,NULL,NULL,NULL,NULL),(200,'ELABORACIÓN Y EVALUACIÓN DE PROYECTOS DE INVERSIÓN','',2,1,'CPH-1021',1,3,NULL,NULL,NULL,NULL,NULL,NULL),(201,'OTROS IMPUESTOS Y CONTRIBUCIONES','',2,1,'CPJ-1035',4,2,NULL,NULL,NULL,NULL,NULL,NULL),(202,'AUDITORÍA PARA EFECTOS FISCALES','',2,1,'CPD-1007',2,3,NULL,NULL,NULL,NULL,NULL,NULL),(203,'TALLER DE INFORMÁTICA II','',2,1,'CPA-1041',0,4,NULL,NULL,NULL,NULL,NULL,NULL),(204,'ALTERNATIVAS DE INVERSIÓN Y FINANCIAMIENTO','',2,1,'CPC-1004',2,2,NULL,NULL,NULL,NULL,NULL,NULL),(205,'COMPUTO EN LA NUBE','',3,1,'ADF-2305',3,2,NULL,NULL,NULL,NULL,NULL,NULL),(206,'INTELIGENCIA ARTIFICIAL','',2,1,'SCC-1012',2,2,NULL,NULL,NULL,NULL,NULL,NULL),(207,'PROGRAMACIÓN WEB','',2,1,'AEB-1055',1,4,NULL,NULL,NULL,NULL,NULL,NULL),(208,'CONMUTACIÓN Y ENRUTAMIENTO EN REDES DE DATOS','',2,1,'SCD-1004',2,3,NULL,NULL,NULL,NULL,NULL,NULL),(209,'GESTIÓN DE PROY. DE SOFTWARE','',2,1,'SCG-1009',3,3,NULL,NULL,NULL,NULL,NULL,NULL),(210,'SISTEMAS PROGRAMABLES','',2,1,'SCC-1023',2,2,NULL,NULL,NULL,NULL,NULL,NULL),(211,'MÁQUINAS Y EQUIPOS TÉRMICOS II','',2,1,'EMC-1019',2,2,NULL,NULL,NULL,NULL,NULL,NULL),(212,'SISTEMAS ELÉCTRICOS DE POTENCIA','',2,1,'EMF-1024',3,2,NULL,NULL,NULL,NULL,NULL,NULL),(213,'INGENIERÍA DE CONTROL CLÁSICO','',2,1,'EMJ-1014',4,2,NULL,NULL,NULL,NULL,NULL,NULL),(214,'FORMULACIÓN Y EVALUACIÓN DE PROYECTOS','',2,1,'EMC-1013',2,2,NULL,NULL,NULL,NULL,NULL,NULL),(215,'PROGRAMACION DE DISPOSITIVOS AUTONOMOS','',3,1,'SAD-2303',2,3,NULL,NULL,NULL,NULL,NULL,NULL),(216,'MANUFACTURA AVANZADA','',3,1,'SAD-2304',2,3,NULL,NULL,NULL,NULL,NULL,NULL),(217,'DISEÑO INTEGRAL 3D','',3,1,'GID-2104',2,3,NULL,NULL,NULL,NULL,NULL,NULL),(218,'MANUFACTURA FLEXIBLE, AUTONOMA Y ADAPTABLE','',3,1,'GIC-2106',2,2,NULL,NULL,NULL,NULL,NULL,NULL),(219,'SIMULACIÓN AVANZADA (MODELOS Y APLICACIONES)','',3,1,'GIV-2107',0,5,NULL,NULL,NULL,NULL,NULL,NULL),(220,'EXCELENCIA EN LAS OPERACIONES Y PRODUCTIVIDAD','',3,1,'GIC-2105',2,2,NULL,NULL,NULL,NULL,NULL,NULL),(221,'SISTEMAS INTEGRADOS DE GESTION DE LA CALIDAD, MEDIO AMBIENTE Y PLANEACIÓN DE RIESGOS','',3,1,'GIH-2103',1,3,NULL,NULL,NULL,NULL,NULL,NULL),(222,'GESTIÓN DE PROYECTOS','',2,1,'LOC-0916',2,2,NULL,NULL,NULL,NULL,NULL,NULL),(223,'SOFTWARE DE SIMULACIÓN EN LOGÍSTICA','',3,1,'LOF-1803',3,2,NULL,NULL,NULL,NULL,NULL,NULL),(224,'E-LOGÍSTICA','',3,1,'LOC-1804',2,2,NULL,NULL,NULL,NULL,NULL,NULL),(225,'LOGÍSTICA DE ABASTECIMIENTO','',3,1,'LOF-1805',3,2,NULL,NULL,NULL,NULL,NULL,NULL),(226,'LOGÍSTICA INVERSA','',3,1,'LOD-1806',2,3,NULL,NULL,NULL,NULL,NULL,NULL),(227,'EMPRENDIMIENTO II','',3,1,'IED-2003',2,3,NULL,NULL,NULL,NULL,NULL,NULL),(228,'MARCO LÓGICO GESTIÓN DE PROYECTOS','',3,1,'IED-2004',2,3,NULL,NULL,NULL,NULL,NULL,NULL),(229,'CADENA DE SUMINISTROS','',2,1,'GEF-0902',3,2,NULL,NULL,NULL,NULL,NULL,NULL),(230,'PROPIEDAD INTELECTUAL','',3,1,'IED-2005',2,3,NULL,NULL,NULL,NULL,NULL,NULL),(231,'TÓPICOS PARA EL DISEÑO DE MANUALES ADMINISTRATIVOS','',3,1,'IED-2006',2,3,NULL,NULL,NULL,NULL,NULL,NULL),(232,'MERCADO DE DINERO Y CAPITALES','',3,1,'FIF-1802',3,2,NULL,NULL,NULL,NULL,NULL,NULL),(233,'FINANZAS CORPORATIVAS','',3,1,'FIF-1803',3,2,NULL,NULL,NULL,NULL,NULL,NULL),(234,'FINANZAS PÚBLICAS','',3,1,'FIF-1804',3,2,NULL,NULL,NULL,NULL,NULL,NULL),(235,'COMERCIO INTERNACIONAL','',3,1,'FIF-1805',3,2,NULL,NULL,NULL,NULL,NULL,NULL),(236,'GESTORES DE CONTENIDO CMS DE SOFTWARE LIBRE','',3,1,'DWD-2002',2,3,NULL,NULL,NULL,NULL,NULL,NULL),(237,'HERRAMIENTAS EMERGENTES PARA DESARROLLO EN LA WEB','',3,1,'DWD-2001',2,3,NULL,NULL,NULL,NULL,NULL,NULL),(238,'PROGRAMACIÓN WEB PARA DISPOSITIVOS MÓVILES','',3,1,'DWD-2004',2,3,NULL,NULL,NULL,NULL,NULL,NULL),(239,'ADMINISTRACIÓN DE REDES','',2,1,'SCA-1002',0,4,NULL,NULL,NULL,NULL,NULL,NULL),(240,'REFRIGERACIÓN Y AIRE ACONDICIONADO','',2,1,'EMF-1023',3,2,NULL,NULL,NULL,NULL,NULL,NULL),(241,'CONTROL Y OPERACIÓN DE ENERGÉTICOS EN EQUIPOS TÉRMICOS','',3,1,'EEF-2004',3,2,NULL,NULL,NULL,NULL,NULL,NULL),(242,'SUBESTACIONES ELÉCTRICAS','',2,1,'EMF-1027',3,2,NULL,NULL,NULL,NULL,NULL,NULL),(243,'ADMÓN. Y CTRL. EN LA CALIDAD DE LA DEM. EN LA ENERGÍA ELÉCTRICA','',3,1,'EEF-2005',3,2,NULL,NULL,NULL,NULL,NULL,NULL),(244,'SISTEMAS HIDRÁULICOS Y NEUMÁTICOS DE POTENCIA','',2,1,'EMJ-1025',4,2,NULL,NULL,NULL,NULL,NULL,NULL),(245,'QUÍMICA','',1,1,'AEC-1058',2,2,NULL,NULL,NULL,NULL,NULL,NULL),(246,'FUNDAMENTOS DE INVESTIGACIÓN','',1,1,'ACC-0906',2,2,NULL,NULL,NULL,NULL,NULL,NULL),(247,'TALLER DE ÉTICA','',1,1,'ACA-0907',0,4,NULL,NULL,NULL,NULL,NULL,NULL),(248,'CÁLCULO DIFERENCIAL','',1,1,'ACF-0901',3,2,NULL,NULL,NULL,NULL,NULL,NULL),(249,'CÁLCULO INTEGRAL','',1,1,'ACF-0902',3,2,NULL,NULL,NULL,NULL,NULL,NULL),(250,'ÁLGEBRA LINEAL','',1,1,'ACF-0903',3,2,NULL,NULL,NULL,NULL,NULL,NULL),(251,'CÁLCULO VECTORIAL','',1,1,'ACF-0904',3,2,NULL,NULL,NULL,NULL,NULL,NULL),(252,'ECONOMÍA','',1,1,'AEC-1018',2,2,NULL,NULL,NULL,NULL,NULL,NULL),(253,'ESTADÍSTICA INFERENCIAL I','',1,1,'AEF-1024',3,2,NULL,NULL,NULL,NULL,NULL,NULL),(254,'PROBABILIDAD Y ESTADÍSTICA','',1,1,'AEC-1053',2,2,NULL,NULL,NULL,NULL,NULL,NULL),(255,'MERCADOTECNIA','',1,1,'AED-1044',2,3,NULL,NULL,NULL,NULL,NULL,NULL),(256,'DESARROLLO SUSTENTABLE','',1,1,'ACD-0908',2,3,NULL,NULL,NULL,NULL,NULL,NULL),(257,'ESTADÍSTICA INFERENCIAL II','',1,1,'AEF-1025',3,2,NULL,NULL,NULL,NULL,NULL,NULL),(258,'TALLER DE INVESTIGACIÓN I','',1,1,'ACA-0909',0,4,NULL,NULL,NULL,NULL,NULL,NULL),(259,'INGENIERÍA ECONÓMICA','',1,1,'AEC-1037',2,2,NULL,NULL,NULL,NULL,NULL,NULL),(260,'TALLER DE INVESTIGACIÓN II','',1,1,'ACA-0910',0,4,NULL,NULL,NULL,NULL,NULL,NULL),(261,'FORMULACIÓN Y EVALUACIÓN DE PROYECTOS','',1,1,'AED-1030',2,3,NULL,NULL,NULL,NULL,NULL,NULL);
/*!40000 ALTER TABLE `asignaturas` ENABLE KEYS */;
UNLOCK TABLES;

--
-- Table structure for table `asignaturas_carrera`
--

DROP TABLE IF EXISTS `asignaturas_carrera`;
/*!40101 SET @saved_cs_client     = @@character_set_client */;
/*!40101 SET character_set_client = utf8 */;
CREATE TABLE `asignaturas_carrera` (
  `id_carrera` int(10) unsigned DEFAULT NULL,
  `id_asignatura` int(10) unsigned DEFAULT NULL,
  `semestre_recomendado` int(11) DEFAULT NULL,
  KEY `fk_asicarr_idcarr_carr_idcarr` (`id_carrera`),
  KEY `fk_asicarr_idasi_asi_idasi` (`id_asignatura`),
  CONSTRAINT `fk_asicarr_idasi_asi_idasi` FOREIGN KEY (`id_asignatura`) REFERENCES `asignaturas` (`id_asignatura`),
  CONSTRAINT `fk_asicarr_idcarr_carr_idcarr` FOREIGN KEY (`id_carrera`) REFERENCES `carreras` (`id_carrera`)
) ENGINE=InnoDB DEFAULT CHARSET=utf8mb4 COLLATE=utf8mb4_general_ci;
/*!40101 SET character_set_client = @saved_cs_client */;

--
-- Dumping data for table `asignaturas_carrera`
--

LOCK TABLES `asignaturas_carrera` WRITE;
/*!40000 ALTER TABLE `asignaturas_carrera` DISABLE KEYS */;
INSERT INTO `asignaturas_carrera` VALUES (3,246,1),(3,247,1),(3,248,1),(3,1,1),(3,2,1),(3,3,1),(3,19,2),(3,20,2),(3,249,2),(3,21,2),(3,254,2),(3,22,2),(3,23,2),(3,46,3),(3,250,3),(3,251,3),(3,252,3),(3,253,3),(3,47,3),(3,48,3),(3,71,4),(3,72,4),(3,73,4),(3,74,4),(3,257,4),(3,75,4),(3,76,4),(3,107,5),(3,108,5),(3,109,5),(3,110,5),(3,111,5),(3,112,5),(3,256,5),(3,258,6),(3,259,6),(3,145,6),(3,146,6),(3,147,6),(3,255,6),(3,260,7),(3,181,7),(3,182,7),(3,183,7),(3,184,7),(3,185,7),(3,261,8),(2,4,1),(2,248,1),(2,247,1),(2,5,1),(2,246,1),(2,252,1),(2,24,2),(2,249,2),(2,25,2),(2,26,2),(2,27,2),(2,28,2),(2,49,3),(2,250,3),(2,254,3),(2,50,3),(2,51,3),(2,255,3),(2,256,3),(2,77,4),(2,78,4),(2,253,4),(2,79,4),(2,80,4),(2,81,4),(2,82,4),(2,113,5),(2,114,5),(2,257,5),(2,115,5),(2,116,5),(2,117,5),(2,118,5),(2,149,6),(2,150,6),(2,151,6),(2,259,6),(2,258,6),(2,152,6),(2,153,6),(2,187,7),(2,188,7),(2,189,7),(2,190,7),(2,260,7),(2,261,8),(5,6,1),(5,248,1),(5,7,1),(5,8,1),(5,246,1),(5,9,1),(5,29,2),(5,249,2),(5,30,2),(5,247,2),(5,31,2),(5,52,3),(5,53,3),(5,18,3),(5,54,3),(5,55,3),(5,250,3),(5,83,4),(5,84,4),(5,85,4),(5,86,4),(5,87,4),(5,88,4),(5,256,4),(5,119,5),(5,120,5),(5,121,5),(5,122,5),(5,258,5),(5,123,5),(5,124,5),(5,154,6),(5,155,6),(5,156,6),(5,157,6),(5,260,6),(5,158,6),(5,194,7),(5,195,7),(5,196,7),(5,197,7),(5,229,8),(6,10,1),(6,11,1),(6,250,1),(6,12,1),(6,13,1),(6,246,1),(6,32,2),(6,247,2),(6,33,2),(6,34,2),(6,35,2),(6,36,2),(6,37,2),(6,56,3),(6,57,3),(6,58,3),(6,59,3),(6,60,3),(6,61,3),(6,62,3),(6,89,4),(6,90,4),(6,91,4),(6,92,4),(6,93,4),(6,258,4),(6,256,4),(6,125,5),(6,126,5),(6,127,5),(6,128,5),(6,129,5),(6,260,5),(6,130,5),(6,160,6),(6,161,6),(6,162,6),(6,163,6),(6,164,6),(6,165,6),(6,166,6),(6,198,7),(6,200,7),(6,201,7),(6,202,7),(6,203,7),(6,204,7),(1,248,1),(1,14,1),(1,247,1),(1,15,1),(1,16,1),(1,246,1),(1,249,2),(1,38,2),(1,39,2),(1,245,2),(1,250,2),(1,40,2),(1,251,3),(1,63,3),(1,64,3),(1,65,3),(1,256,3),(1,66,3),(1,94,4),(1,95,4),(1,96,4),(1,97,4),(1,98,4),(1,99,4),(1,100,4),(1,131,5),(1,132,5),(1,133,5),(1,134,5),(1,135,5),(1,136,5),(1,137,5),(1,168,6),(1,169,6),(1,170,6),(1,171,6),(1,172,6),(1,173,6),(1,206,7),(1,207,7),(1,208,7),(1,258,7),(1,209,7),(1,210,7),(1,239,8),(1,260,8),(4,248,1),(4,247,1),(4,159,1),(4,256,1),(4,245,1),(4,246,1),(4,249,2),(4,41,2),(4,42,2),(4,43,2),(4,44,2),(4,258,2),(4,250,2),(4,251,3),(4,67,3),(4,68,3),(4,69,3),(4,70,3),(4,260,3),(4,94,4),(4,101,4),(4,102,4),(4,103,4),(4,104,4),(4,105,4),(4,106,4),(4,138,5),(4,139,5),(4,140,5),(4,141,5),(4,142,5),(4,143,5),(4,144,5),(4,174,6),(4,175,6),(4,176,6),(4,177,6),(4,178,6),(4,211,7),(4,212,7),(4,213,7),(4,214,7),(4,240,8),(4,242,8),(4,244,8);
/*!40000 ALTER TABLE `asignaturas_carrera` ENABLE KEYS */;
UNLOCK TABLES;

--
-- Table structure for table `asignaturas_especialidad`
--

DROP TABLE IF EXISTS `asignaturas_especialidad`;
/*!40101 SET @saved_cs_client     = @@character_set_client */;
/*!40101 SET character_set_client = utf8 */;
CREATE TABLE `asignaturas_especialidad` (
  `id_especialidad` int(10) unsigned DEFAULT NULL,
  `id_asignatura` int(10) unsigned DEFAULT NULL,
  `semestre_recomendado` int(11) DEFAULT NULL,
  KEY `fk_asiesp_idesp_esp_idesp` (`id_especialidad`),
  KEY `fk_matsesp_idmat_mats_idmat` (`id_asignatura`),
  CONSTRAINT `fk_asiesp_idesp_esp_idesp` FOREIGN KEY (`id_especialidad`) REFERENCES `especialidades` (`id_especialidad`),
  CONSTRAINT `fk_matsesp_idmat_mats_idmat` FOREIGN KEY (`id_asignatura`) REFERENCES `asignaturas` (`id_asignatura`)
) ENGINE=InnoDB DEFAULT CHARSET=utf8mb4 COLLATE=utf8mb4_general_ci;
/*!40101 SET character_set_client = @saved_cs_client */;

--
-- Dumping data for table `asignaturas_especialidad`
--

LOCK TABLES `asignaturas_especialidad` WRITE;
/*!40000 ALTER TABLE `asignaturas_especialidad` DISABLE KEYS */;
INSERT INTO `asignaturas_especialidad` VALUES (1,148,6),(1,186,7),(1,217,8),(1,218,8),(1,219,8),(1,220,8),(1,221,8),(4,191,7),(4,192,7),(4,222,8),(4,223,8),(4,224,8),(4,225,8),(4,226,8),(6,159,6),(6,193,7),(6,227,8),(6,228,8),(6,230,8),(6,231,8),(3,199,7),(3,232,8),(3,233,8),(3,234,8),(3,235,8),(5,167,6),(5,205,7),(5,236,8),(5,237,8),(5,238,8),(2,179,6),(2,180,6),(2,215,7),(2,216,7),(2,241,8),(2,243,8);
/*!40000 ALTER TABLE `asignaturas_especialidad` ENABLE KEYS */;
UNLOCK TABLES;

--
-- Table structure for table `aspirantes`
--

DROP TABLE IF EXISTS `aspirantes`;
/*!40101 SET @saved_cs_client     = @@character_set_client */;
/*!40101 SET character_set_client = utf8 */;
CREATE TABLE `aspirantes` (
  `id_aspirante` int(10) unsigned NOT NULL AUTO_INCREMENT,
  `nombre` varchar(255) DEFAULT NULL,
  `apellido_paterno` varchar(255) DEFAULT NULL,
  `apellido_materno` varchar(255) DEFAULT NULL,
  `domicilio` varchar(255) DEFAULT NULL,
  `curp` varchar(18) DEFAULT NULL,
  `discapacidad` varchar(255) DEFAULT NULL,
  `fecha_pago` datetime DEFAULT NULL,
  `no_ficha` int(11) DEFAULT NULL,
  `no_recibo` int(11) DEFAULT NULL,
  `no_solicitud` int(11) DEFAULT NULL,
  `id_periodo` int(10) unsigned DEFAULT NULL,
  `created_at` datetime DEFAULT NULL,
  `updated_at` datetime DEFAULT NULL,
  `deleted_at` datetime DEFAULT NULL,
  `created_by` varchar(255) DEFAULT NULL,
  `updated_by` varchar(255) DEFAULT NULL,
  `deleted_by` varchar(255) DEFAULT NULL,
  PRIMARY KEY (`id_aspirante`)
) ENGINE=InnoDB DEFAULT CHARSET=utf8mb4 COLLATE=utf8mb4_general_ci;
/*!40101 SET character_set_client = @saved_cs_client */;

--
-- Dumping data for table `aspirantes`
--

LOCK TABLES `aspirantes` WRITE;
/*!40000 ALTER TABLE `aspirantes` DISABLE KEYS */;
/*!40000 ALTER TABLE `aspirantes` ENABLE KEYS */;
UNLOCK TABLES;

--
-- Table structure for table `auth_groups_users`
--

DROP TABLE IF EXISTS `auth_groups_users`;
/*!40101 SET @saved_cs_client     = @@character_set_client */;
/*!40101 SET character_set_client = utf8 */;
CREATE TABLE `auth_groups_users` (
  `id` int(10) unsigned NOT NULL AUTO_INCREMENT,
  `user_id` int(10) unsigned NOT NULL,
  `group` varchar(255) NOT NULL,
  `created_at` datetime NOT NULL,
  PRIMARY KEY (`id`),
  KEY `auth_groups_users_user_id_foreign` (`user_id`),
  CONSTRAINT `auth_groups_users_user_id_foreign` FOREIGN KEY (`user_id`) REFERENCES `users` (`id`) ON DELETE CASCADE
) ENGINE=InnoDB AUTO_INCREMENT=7 DEFAULT CHARSET=utf8 COLLATE=utf8_general_ci;
/*!40101 SET character_set_client = @saved_cs_client */;

--
-- Dumping data for table `auth_groups_users`
--

LOCK TABLES `auth_groups_users` WRITE;
/*!40000 ALTER TABLE `auth_groups_users` DISABLE KEYS */;
INSERT INTO `auth_groups_users` VALUES (3,5,'bossdepartment','2023-06-19 20:51:58'),(4,6,'superadmin','2023-06-19 21:15:13'),(5,7,'master','2023-06-19 21:16:18'),(6,8,'student','2023-06-19 21:23:42');
/*!40000 ALTER TABLE `auth_groups_users` ENABLE KEYS */;
UNLOCK TABLES;

--
-- Table structure for table `auth_identities`
--

DROP TABLE IF EXISTS `auth_identities`;
/*!40101 SET @saved_cs_client     = @@character_set_client */;
/*!40101 SET character_set_client = utf8 */;
CREATE TABLE `auth_identities` (
  `id` int(10) unsigned NOT NULL AUTO_INCREMENT,
  `user_id` int(10) unsigned NOT NULL,
  `type` varchar(255) NOT NULL,
  `name` varchar(255) DEFAULT NULL,
  `secret` varchar(255) NOT NULL,
  `secret2` varchar(255) DEFAULT NULL,
  `expires` datetime DEFAULT NULL,
  `extra` text DEFAULT NULL,
  `force_reset` tinyint(1) NOT NULL DEFAULT 0,
  `last_used_at` datetime DEFAULT NULL,
  `created_at` datetime DEFAULT NULL,
  `updated_at` datetime DEFAULT NULL,
  PRIMARY KEY (`id`),
  UNIQUE KEY `type_secret` (`type`,`secret`),
  KEY `user_id` (`user_id`),
  CONSTRAINT `auth_identities_user_id_foreign` FOREIGN KEY (`user_id`) REFERENCES `users` (`id`) ON DELETE CASCADE
) ENGINE=InnoDB AUTO_INCREMENT=9 DEFAULT CHARSET=utf8 COLLATE=utf8_general_ci;
/*!40101 SET character_set_client = @saved_cs_client */;

--
-- Dumping data for table `auth_identities`
--

LOCK TABLES `auth_identities` WRITE;
/*!40000 ALTER TABLE `auth_identities` DISABLE KEYS */;
INSERT INTO `auth_identities` VALUES (5,5,'email_password',NULL,'L19630306@ocotlan.tecnm.mx','$2y$10$CkjzkRwvl7cFmOP8/Ij7pO5fZ/wCLl.2WWg61zyTsLwhAuTl1QceS',NULL,NULL,0,'2023-06-20 17:33:27','2023-06-19 20:51:58','2023-06-20 17:33:27'),(6,6,'email_password',NULL,'trokillox.x@gmail.com','$2y$10$f8myOA4IbWu2pnGI0g3HheUZyi6aJXS1t46tlQQv1fQOoxIeF765i',NULL,NULL,0,'2023-06-20 17:34:00','2023-06-19 21:15:13','2023-06-20 17:34:00'),(7,7,'email_password',NULL,'19630306@itocotlan.com','$2y$10$0KpiYhFVnTNJctaHPwoGDeUNwSCDAukHiTnnKEqUq8DZSUY2tibPm',NULL,NULL,0,'2023-06-20 17:34:30','2023-06-19 21:16:18','2023-06-20 17:34:30'),(8,8,'email_password',NULL,'jose.manuel.mendoza.murillo@gmail.com','$2y$10$iyeWuy8EMq.xTRxMBFgttOBaB4T.yat1GGB1X0DFAJxh2QfWYvwGC',NULL,NULL,0,'2023-06-20 17:35:20','2023-06-19 21:23:42','2023-06-20 17:35:20');
/*!40000 ALTER TABLE `auth_identities` ENABLE KEYS */;
UNLOCK TABLES;

--
-- Table structure for table `auth_logins`
--

DROP TABLE IF EXISTS `auth_logins`;
/*!40101 SET @saved_cs_client     = @@character_set_client */;
/*!40101 SET character_set_client = utf8 */;
CREATE TABLE `auth_logins` (
  `id` int(10) unsigned NOT NULL AUTO_INCREMENT,
  `ip_address` varchar(255) NOT NULL,
  `user_agent` varchar(255) DEFAULT NULL,
  `id_type` varchar(255) NOT NULL,
  `identifier` varchar(255) NOT NULL,
  `user_id` int(10) unsigned DEFAULT NULL,
  `date` datetime NOT NULL,
  `success` tinyint(1) NOT NULL,
  PRIMARY KEY (`id`),
  KEY `id_type_identifier` (`id_type`,`identifier`),
  KEY `user_id` (`user_id`)
) ENGINE=InnoDB AUTO_INCREMENT=25 DEFAULT CHARSET=utf8 COLLATE=utf8_general_ci;
/*!40101 SET character_set_client = @saved_cs_client */;

--
-- Dumping data for table `auth_logins`
--

LOCK TABLES `auth_logins` WRITE;
/*!40000 ALTER TABLE `auth_logins` DISABLE KEYS */;
/*!40000 ALTER TABLE `auth_logins` ENABLE KEYS */;
UNLOCK TABLES;

--
-- Table structure for table `auth_permissions_users`
--

DROP TABLE IF EXISTS `auth_permissions_users`;
/*!40101 SET @saved_cs_client     = @@character_set_client */;
/*!40101 SET character_set_client = utf8 */;
CREATE TABLE `auth_permissions_users` (
  `id` int(10) unsigned NOT NULL AUTO_INCREMENT,
  `user_id` int(10) unsigned NOT NULL,
  `permission` varchar(255) NOT NULL,
  `created_at` datetime NOT NULL,
  PRIMARY KEY (`id`),
  KEY `auth_permissions_users_user_id_foreign` (`user_id`),
  CONSTRAINT `auth_permissions_users_user_id_foreign` FOREIGN KEY (`user_id`) REFERENCES `users` (`id`) ON DELETE CASCADE
) ENGINE=InnoDB DEFAULT CHARSET=utf8 COLLATE=utf8_general_ci;
/*!40101 SET character_set_client = @saved_cs_client */;

--
-- Dumping data for table `auth_permissions_users`
--

LOCK TABLES `auth_permissions_users` WRITE;
/*!40000 ALTER TABLE `auth_permissions_users` DISABLE KEYS */;
/*!40000 ALTER TABLE `auth_permissions_users` ENABLE KEYS */;
UNLOCK TABLES;

--
-- Table structure for table `auth_remember_tokens`
--

DROP TABLE IF EXISTS `auth_remember_tokens`;
/*!40101 SET @saved_cs_client     = @@character_set_client */;
/*!40101 SET character_set_client = utf8 */;
CREATE TABLE `auth_remember_tokens` (
  `id` int(10) unsigned NOT NULL AUTO_INCREMENT,
  `selector` varchar(255) NOT NULL,
  `hashedValidator` varchar(255) NOT NULL,
  `user_id` int(10) unsigned NOT NULL,
  `expires` datetime NOT NULL,
  `created_at` datetime NOT NULL,
  `updated_at` datetime NOT NULL,
  PRIMARY KEY (`id`),
  UNIQUE KEY `selector` (`selector`),
  KEY `auth_remember_tokens_user_id_foreign` (`user_id`),
  CONSTRAINT `auth_remember_tokens_user_id_foreign` FOREIGN KEY (`user_id`) REFERENCES `users` (`id`) ON DELETE CASCADE
) ENGINE=InnoDB DEFAULT CHARSET=utf8 COLLATE=utf8_general_ci;
/*!40101 SET character_set_client = @saved_cs_client */;

--
-- Dumping data for table `auth_remember_tokens`
--

LOCK TABLES `auth_remember_tokens` WRITE;
/*!40000 ALTER TABLE `auth_remember_tokens` DISABLE KEYS */;
/*!40000 ALTER TABLE `auth_remember_tokens` ENABLE KEYS */;
UNLOCK TABLES;

--
-- Table structure for table `auth_token_logins`
--

DROP TABLE IF EXISTS `auth_token_logins`;
/*!40101 SET @saved_cs_client     = @@character_set_client */;
/*!40101 SET character_set_client = utf8 */;
CREATE TABLE `auth_token_logins` (
  `id` int(10) unsigned NOT NULL AUTO_INCREMENT,
  `ip_address` varchar(255) NOT NULL,
  `user_agent` varchar(255) DEFAULT NULL,
  `id_type` varchar(255) NOT NULL,
  `identifier` varchar(255) NOT NULL,
  `user_id` int(10) unsigned DEFAULT NULL,
  `date` datetime NOT NULL,
  `success` tinyint(1) NOT NULL,
  PRIMARY KEY (`id`),
  KEY `id_type_identifier` (`id_type`,`identifier`),
  KEY `user_id` (`user_id`)
) ENGINE=InnoDB DEFAULT CHARSET=utf8 COLLATE=utf8_general_ci;
/*!40101 SET character_set_client = @saved_cs_client */;

--
-- Dumping data for table `auth_token_logins`
--

LOCK TABLES `auth_token_logins` WRITE;
/*!40000 ALTER TABLE `auth_token_logins` DISABLE KEYS */;
/*!40000 ALTER TABLE `auth_token_logins` ENABLE KEYS */;
UNLOCK TABLES;

--
-- Table structure for table `carreras`
--

DROP TABLE IF EXISTS `carreras`;
/*!40101 SET @saved_cs_client     = @@character_set_client */;
/*!40101 SET character_set_client = utf8 */;
CREATE TABLE `carreras` (
  `id_carrera` int(10) unsigned NOT NULL AUTO_INCREMENT,
  `nombre_carrera` varchar(255) NOT NULL,
  `clave_oficial` char(13) NOT NULL,
  `clave` varchar(13) DEFAULT NULL,
  `siglas` varchar(5) DEFAULT NULL,
  `creditos_totales` int(11) DEFAULT NULL,
  `id_nivel_escolar` int(10) unsigned DEFAULT NULL,
  `fecha_inicio` datetime DEFAULT NULL,
  `fecha_termino` datetime DEFAULT NULL,
  `id_area_carr` varchar(255) DEFAULT NULL,
  `id_nivel_carr` varchar(255) DEFAULT NULL,
  `id_sub_area_carr` varchar(255) DEFAULT NULL,
  `nivel` varchar(255) DEFAULT NULL,
  `created_at` datetime DEFAULT NULL,
  `updated_at` datetime DEFAULT NULL,
  `deleted_at` datetime DEFAULT NULL,
  `created_by` varchar(255) DEFAULT NULL,
  `updated_by` varchar(255) DEFAULT NULL,
  `deleted_by` varchar(255) DEFAULT NULL,
  PRIMARY KEY (`id_carrera`),
  UNIQUE KEY `clave_oficial` (`clave_oficial`),
  UNIQUE KEY `clave` (`clave`),
  UNIQUE KEY `siglas` (`siglas`),
  KEY `fk_carrs_idnivesc_nivesc_idnivesc` (`id_nivel_escolar`),
  CONSTRAINT `fk_carrs_idnivesc_nivesc_idnivesc` FOREIGN KEY (`id_nivel_escolar`) REFERENCES `nivel_escolar` (`id_nivel_escolar`)
) ENGINE=InnoDB AUTO_INCREMENT=7 DEFAULT CHARSET=utf8mb4 COLLATE=utf8mb4_general_ci;
/*!40101 SET character_set_client = @saved_cs_client */;

--
-- Dumping data for table `carreras`
--

LOCK TABLES `carreras` WRITE;
/*!40000 ALTER TABLE `carreras` DISABLE KEYS */;
INSERT INTO `carreras` VALUES (1,'Ingenieria en Sistemas Computacionales','ISIC-2010-224','ISCWYDM','ISC',250,1,'2023-07-21 17:08:56','2033-07-21 17:08:56','1','1','1','1','2023-07-21 17:08:56','2023-07-21 17:08:56',NULL,'mike','mike',NULL),(2,'Ingenieria en Logistica','ILOG-2009-202','ISLMYP','IL',250,1,'2023-07-21 17:08:56','2033-07-21 17:08:56','1','1','1','1','2023-07-21 17:08:56','2023-07-21 17:08:56',NULL,'mike','mike',NULL),(3,'Ingenieria Industrial','IIND-2010-227','IICYM','II',250,1,'2023-07-21 17:08:56','2033-07-21 17:08:56','1','1','1','1','2023-07-21 17:08:56','2023-07-21 17:08:56',NULL,'mike','mike',NULL),(4,'Ingenieria en Electromecanica','IEME-2010-210','IEWYDM','IE',250,1,'2023-07-21 17:08:56','2033-07-21 17:08:56','1','1','1','1','2023-07-21 17:08:56','2023-07-21 17:08:56',NULL,'mike','mike',NULL),(5,'Ingenieria en Gestion Empresarial','IGEM-2009-201','IGEWYDM','IGE',250,1,'2023-07-21 17:08:56','2033-07-21 17:08:56','1','1','1','1','2023-07-21 17:08:56','2023-07-21 17:08:56',NULL,'mike','mike',NULL),(6,'Contador Publico','COPU-2010-205','LCWYDM','CP',250,1,'2023-07-21 17:08:56','2033-07-21 17:08:56','1','1','1','1','2023-07-21 17:08:56','2023-07-21 17:08:56',NULL,'mike','mike',NULL);
/*!40000 ALTER TABLE `carreras` ENABLE KEYS */;
UNLOCK TABLES;

--
-- Table structure for table `constantes`
--

DROP TABLE IF EXISTS `constantes`;
/*!40101 SET @saved_cs_client     = @@character_set_client */;
/*!40101 SET character_set_client = utf8 */;
CREATE TABLE `constantes` (
  `carga_minima` int(11) DEFAULT NULL,
  `carga_maxima` int(11) DEFAULT NULL,
  `creditos_optativos` int(11) DEFAULT NULL
) ENGINE=InnoDB DEFAULT CHARSET=utf8mb4 COLLATE=utf8mb4_general_ci;
/*!40101 SET character_set_client = @saved_cs_client */;

--
-- Dumping data for table `constantes`
--

LOCK TABLES `constantes` WRITE;
/*!40000 ALTER TABLE `constantes` DISABLE KEYS */;
INSERT INTO `constantes` VALUES (20,80,5);
/*!40000 ALTER TABLE `constantes` ENABLE KEYS */;
UNLOCK TABLES;

--
-- Table structure for table `convalidaciones`
--

DROP TABLE IF EXISTS `convalidaciones`;
/*!40101 SET @saved_cs_client     = @@character_set_client */;
/*!40101 SET character_set_client = utf8 */;
CREATE TABLE `convalidaciones` (
  `id_asignatura` int(10) unsigned DEFAULT NULL,
  `id_asignatura_convalidada` int(10) unsigned DEFAULT NULL,
  `porcentaje` decimal(10,0) DEFAULT NULL,
  `created_at` datetime DEFAULT NULL,
  `updated_at` datetime DEFAULT NULL,
  `deleted_at` datetime DEFAULT NULL,
  `created_by` varchar(255) DEFAULT NULL,
  `updated_by` varchar(255) DEFAULT NULL,
  `deleted_by` varchar(255) DEFAULT NULL,
  KEY `fk_conv_idasicon_asi_idasi` (`id_asignatura_convalidada`),
  KEY `fk_conv_idasi_asi_idasi` (`id_asignatura`),
  CONSTRAINT `fk_conv_idasi_asi_idasi` FOREIGN KEY (`id_asignatura`) REFERENCES `asignaturas` (`id_asignatura`),
  CONSTRAINT `fk_conv_idasicon_asi_idasi` FOREIGN KEY (`id_asignatura_convalidada`) REFERENCES `asignaturas` (`id_asignatura`)
) ENGINE=InnoDB DEFAULT CHARSET=utf8mb4 COLLATE=utf8mb4_general_ci;
/*!40101 SET character_set_client = @saved_cs_client */;

--
-- Dumping data for table `convalidaciones`
--

LOCK TABLES `convalidaciones` WRITE;
/*!40000 ALTER TABLE `convalidaciones` DISABLE KEYS */;
/*!40000 ALTER TABLE `convalidaciones` ENABLE KEYS */;
UNLOCK TABLES;

--
-- Table structure for table `dependencia_asignatura`
--

DROP TABLE IF EXISTS `dependencia_asignatura`;
/*!40101 SET @saved_cs_client     = @@character_set_client */;
/*!40101 SET character_set_client = utf8 */;
CREATE TABLE `dependencia_asignatura` (
  `id_asignatura` int(10) unsigned DEFAULT NULL,
  `id_depende_de` int(10) unsigned DEFAULT NULL,
  KEY `fk_depasig_idasidep_asig_idasi` (`id_asignatura`),
  CONSTRAINT `fk_depasig_idasi_asig_idasi` FOREIGN KEY (`id_asignatura`) REFERENCES `asignaturas` (`id_asignatura`),
  CONSTRAINT `fk_depasig_idasidep_asig_idasi` FOREIGN KEY (`id_asignatura`) REFERENCES `asignaturas` (`id_asignatura`)
) ENGINE=InnoDB DEFAULT CHARSET=utf8mb4 COLLATE=utf8mb4_general_ci;
/*!40101 SET character_set_client = @saved_cs_client */;

--
-- Dumping data for table `dependencia_asignatura`
--

LOCK TABLES `dependencia_asignatura` WRITE;
/*!40000 ALTER TABLE `dependencia_asignatura` DISABLE KEYS */;
/*!40000 ALTER TABLE `dependencia_asignatura` ENABLE KEYS */;
UNLOCK TABLES;

--
-- Table structure for table `especialidades`
--

DROP TABLE IF EXISTS `especialidades`;
/*!40101 SET @saved_cs_client     = @@character_set_client */;
/*!40101 SET character_set_client = utf8 */;
CREATE TABLE `especialidades` (
  `id_especialidad` int(10) unsigned NOT NULL AUTO_INCREMENT,
  `id_carrera` int(10) unsigned DEFAULT NULL,
  `nombre_especialidad` varchar(255) DEFAULT NULL,
  `clave` varchar(18) DEFAULT NULL,
  `clave_oficial` varchar(18) DEFAULT NULL,
  `creditos_especialidad` int(11) DEFAULT NULL,
  `nombre_reducido` varchar(8) DEFAULT NULL,
  `siglas` char(5) DEFAULT NULL,
  `fecha_inicio` datetime DEFAULT NULL,
  `fecha_termino` datetime DEFAULT NULL,
  `id_nivel_escolar` int(10) unsigned DEFAULT NULL,
  `created_at` datetime DEFAULT NULL,
  `updated_at` datetime DEFAULT NULL,
  `deleted_at` datetime DEFAULT NULL,
  `created_by` varchar(255) DEFAULT NULL,
  `updated_by` varchar(255) DEFAULT NULL,
  `deleted_by` varchar(255) DEFAULT NULL,
  PRIMARY KEY (`id_especialidad`),
  KEY `fk_espe_idcarr_carrs_idcarr` (`id_carrera`),
  KEY `fk_espe_idnivesc_nivesc_idnivesc` (`id_nivel_escolar`),
  CONSTRAINT `fk_espe_idcarr_carrs_idcarr` FOREIGN KEY (`id_carrera`) REFERENCES `carreras` (`id_carrera`),
  CONSTRAINT `fk_espe_idnivesc_nivesc_idnivesc` FOREIGN KEY (`id_nivel_escolar`) REFERENCES `nivel_escolar` (`id_nivel_escolar`)
) ENGINE=InnoDB AUTO_INCREMENT=7 DEFAULT CHARSET=utf8mb4 COLLATE=utf8mb4_general_ci;
/*!40101 SET character_set_client = @saved_cs_client */;

--
-- Dumping data for table `especialidades`
--

LOCK TABLES `especialidades` WRITE;
/*!40000 ALTER TABLE `especialidades` DISABLE KEYS */;
INSERT INTO `especialidades` VALUES (1,3,'GESTIÓN INTEGRAL DE LAS OPERACIONES','IINE-GIO-2021-01','IINE-GIO-2021-01',15,'IINE-GIO','IINE','2023-07-21 17:08:57','2026-07-21 17:08:57',1,'2023-07-21 17:08:57','2023-07-21 17:08:57',NULL,'mike','mike',NULL),(2,4,'EFICIENCIA ENERGÉTICA SUSTENTABLE EN SISTEMAS ELECTROMECÁNICOS','IEME-EES-2020-01','IEME-EES-2020-01',15,'IEME-EES','IEME','2023-07-21 17:08:57','2026-07-21 17:08:57',1,'2023-07-21 17:08:57','2023-07-21 17:08:57',NULL,'mike','mike',NULL),(3,6,'FINANZAS CORPORATIVAS','COPE-FIC-2018-01','COPE-FIC-2018-01',15,'COPE-FIC','COPE','2023-07-21 17:08:57','2026-07-21 17:08:57',1,'2023-07-21 17:08:57','2023-07-21 17:08:57',NULL,'mike','mike',NULL),(4,2,'LOGÍSTICA INTEGRAL','ILOE-LOI-2018-01','ILOE-LOI-2018-01',15,'ILOE-LOI','ILOE','2023-07-21 17:08:57','2026-07-21 17:08:57',1,'2023-07-21 17:08:57','2023-07-21 17:08:57',NULL,'mike','mike',NULL),(5,1,'DESARROLLO PARA LA WEB Y APLICACIONES PARA DISPOSITIVOS MOVILES','ISIE-DWA-2020-01','ISIE-DWA-2020-01',15,'ISIE-DWA','ISIE','2023-07-21 17:08:57','2026-07-21 17:08:57',1,'2023-07-21 17:08:57','2023-07-21 17:08:57',NULL,'mike','mike',NULL),(6,5,'EMPRENDIMIENTO Y GESTIÓN EMPRESARIAL','IGEE-EGE-2017-01','IGEE-EGE-2017-01',15,'IGEE-EGE','IGEE','2023-07-21 17:08:57','2026-07-21 17:08:57',1,'2023-07-21 17:08:57','2023-07-21 17:08:57',NULL,'mike','mike',NULL);
/*!40000 ALTER TABLE `especialidades` ENABLE KEYS */;
UNLOCK TABLES;

--
-- Table structure for table `migrations`
--

DROP TABLE IF EXISTS `migrations`;
/*!40101 SET @saved_cs_client     = @@character_set_client */;
/*!40101 SET character_set_client = utf8 */;
CREATE TABLE `migrations` (
  `id` bigint(20) unsigned NOT NULL AUTO_INCREMENT,
  `version` varchar(255) NOT NULL,
  `class` varchar(255) NOT NULL,
  `group` varchar(255) NOT NULL,
  `namespace` varchar(255) NOT NULL,
  `time` int(11) NOT NULL,
  `batch` int(10) unsigned NOT NULL,
  PRIMARY KEY (`id`)
) ENGINE=InnoDB AUTO_INCREMENT=4 DEFAULT CHARSET=utf8 COLLATE=utf8_general_ci;
/*!40101 SET character_set_client = @saved_cs_client */;

--
-- Dumping data for table `migrations`
--

LOCK TABLES `migrations` WRITE;
/*!40000 ALTER TABLE `migrations` DISABLE KEYS */;
INSERT INTO `migrations` VALUES (1,'2020-12-28-223112','CodeIgniter\\Shield\\Database\\Migrations\\CreateAuthTables','default','CodeIgniter\\Shield',1686888187,1),(2,'2021-07-04-041948','CodeIgniter\\Settings\\Database\\Migrations\\CreateSettingsTable','default','CodeIgniter\\Settings',1686888187,1),(3,'2021-11-14-143905','CodeIgniter\\Settings\\Database\\Migrations\\AddContextColumn','default','CodeIgniter\\Settings',1686888187,1);
/*!40000 ALTER TABLE `migrations` ENABLE KEYS */;
UNLOCK TABLES;

--
-- Table structure for table `nivel_escolar`
--

DROP TABLE IF EXISTS `nivel_escolar`;
/*!40101 SET @saved_cs_client     = @@character_set_client */;
/*!40101 SET character_set_client = utf8 */;
CREATE TABLE `nivel_escolar` (
  `id_nivel_escolar` int(10) unsigned NOT NULL AUTO_INCREMENT,
  `nombre_nivel_escolar` varchar(50) DEFAULT NULL,
  PRIMARY KEY (`id_nivel_escolar`)
) ENGINE=InnoDB AUTO_INCREMENT=3 DEFAULT CHARSET=utf8mb4 COLLATE=utf8mb4_general_ci;
/*!40101 SET character_set_client = @saved_cs_client */;

--
-- Dumping data for table `nivel_escolar`
--

LOCK TABLES `nivel_escolar` WRITE;
/*!40000 ALTER TABLE `nivel_escolar` DISABLE KEYS */;
INSERT INTO `nivel_escolar` VALUES (1,'Licenciatura'),(2,'Maestria');
/*!40000 ALTER TABLE `nivel_escolar` ENABLE KEYS */;
UNLOCK TABLES;

--
-- Table structure for table `periodos_escolares`
--

DROP TABLE IF EXISTS `periodos_escolares`;
/*!40101 SET @saved_cs_client     = @@character_set_client */;
/*!40101 SET character_set_client = utf8 */;
CREATE TABLE `periodos_escolares` (
  `id_periodo` int(10) unsigned NOT NULL AUTO_INCREMENT,
  `clave_periodo` varchar(255) DEFAULT NULL,
  `inicio_periodo` datetime DEFAULT NULL,
  `fin_periodo` datetime DEFAULT NULL,
  `inscripciones` tinyint(1) DEFAULT NULL,
  `created_at` datetime DEFAULT NULL,
  `updated_at` datetime DEFAULT NULL,
  `deleted_at` datetime DEFAULT NULL,
  `created_by` varchar(255) DEFAULT NULL,
  `updated_by` varchar(255) DEFAULT NULL,
  `deleted_by` varchar(255) DEFAULT NULL,
  PRIMARY KEY (`id_periodo`)
) ENGINE=InnoDB DEFAULT CHARSET=utf8mb4 COLLATE=utf8mb4_general_ci;
/*!40101 SET character_set_client = @saved_cs_client */;

--
-- Dumping data for table `periodos_escolares`
--

LOCK TABLES `periodos_escolares` WRITE;
/*!40000 ALTER TABLE `periodos_escolares` DISABLE KEYS */;
/*!40000 ALTER TABLE `periodos_escolares` ENABLE KEYS */;
UNLOCK TABLES;

--
-- Table structure for table `reticulas`
--

DROP TABLE IF EXISTS `reticulas`;
/*!40101 SET @saved_cs_client     = @@character_set_client */;
/*!40101 SET character_set_client = utf8 */;
CREATE TABLE `reticulas` (
  `id_reticula` int(10) unsigned NOT NULL AUTO_INCREMENT,
  `nombre_reticula` varchar(255) DEFAULT NULL,
  `id_carrera` int(10) unsigned DEFAULT NULL,
  `id_especialidad` int(10) unsigned DEFAULT NULL,
  `created_at` datetime DEFAULT NULL,
  `updated_at` datetime DEFAULT NULL,
  `deleted_at` datetime DEFAULT NULL,
  `created_by` varchar(255) DEFAULT NULL,
  `updated_by` varchar(255) DEFAULT NULL,
  `deleted_by` varchar(255) DEFAULT NULL,
  PRIMARY KEY (`id_reticula`),
  KEY `fk_rets_idcarr_carrs_idcarr` (`id_carrera`),
  KEY `fk_rets_idesp_esps_idesp` (`id_especialidad`),
  CONSTRAINT `fk_rets_idcarr_carrs_idcarr` FOREIGN KEY (`id_carrera`) REFERENCES `carreras` (`id_carrera`),
  CONSTRAINT `fk_rets_idesp_esps_idesp` FOREIGN KEY (`id_especialidad`) REFERENCES `especialidades` (`id_especialidad`)
) ENGINE=InnoDB AUTO_INCREMENT=6 DEFAULT CHARSET=utf8mb4 COLLATE=utf8mb4_general_ci;
/*!40101 SET character_set_client = @saved_cs_client */;

--
-- Dumping data for table `reticulas`
--

LOCK TABLES `reticulas` WRITE;
/*!40000 ALTER TABLE `reticulas` DISABLE KEYS */;
INSERT INTO `reticulas` VALUES (1,'ISIC-DESARROLLO PARA LA WEB Y APLICACIONES PARA DISPOSITIVOS MOVILES',1,5,'2023-07-21 17:08:57','2023-07-21 17:08:57',NULL,'mike','mike',NULL),(2,'ILOG-LOGÍSTICA INTEGRAL',2,4,'2023-07-21 17:08:57','2023-07-21 17:08:57',NULL,'mike','mike',NULL),(3,'IIND-GESTIÓN INTEGRAL DE LAS OPERACIONES',3,1,'2023-07-21 17:08:57','2023-07-21 17:08:57',NULL,'mike','mike',NULL),(4,'IEME-EFICIENCIA ENERGÉTICA SUSTENTABLE EN SISTEMAS ELECTROMECÁNICOS',4,2,'2023-07-21 17:08:57','2023-07-21 17:08:57',NULL,'mike','mike',NULL),(5,'IGEM-EMPRENDIMIENTO Y GESTIÓN EMPRESARIAL',5,6,'2023-07-21 17:08:57','2023-07-21 17:08:57',NULL,'mike','mike',NULL);
/*!40000 ALTER TABLE `reticulas` ENABLE KEYS */;
UNLOCK TABLES;

--
-- Table structure for table `settings`
--

DROP TABLE IF EXISTS `settings`;
/*!40101 SET @saved_cs_client     = @@character_set_client */;
/*!40101 SET character_set_client = utf8 */;
CREATE TABLE `settings` (
  `id` int(11) NOT NULL AUTO_INCREMENT,
  `class` varchar(255) NOT NULL,
  `key` varchar(255) NOT NULL,
  `value` text DEFAULT NULL,
  `type` varchar(31) NOT NULL DEFAULT 'string',
  `context` varchar(255) DEFAULT NULL,
  `created_at` datetime NOT NULL,
  `updated_at` datetime NOT NULL,
  PRIMARY KEY (`id`)
) ENGINE=InnoDB DEFAULT CHARSET=utf8 COLLATE=utf8_general_ci;
/*!40101 SET character_set_client = @saved_cs_client */;

--
-- Dumping data for table `settings`
--

LOCK TABLES `settings` WRITE;
/*!40000 ALTER TABLE `settings` DISABLE KEYS */;
/*!40000 ALTER TABLE `settings` ENABLE KEYS */;
UNLOCK TABLES;

--
-- Table structure for table `tipo_asignatura`
--

DROP TABLE IF EXISTS `tipo_asignatura`;
/*!40101 SET @saved_cs_client     = @@character_set_client */;
/*!40101 SET character_set_client = utf8 */;
CREATE TABLE `tipo_asignatura` (
  `id_tipo_asignatura` int(10) unsigned NOT NULL AUTO_INCREMENT,
  `tipo_asignatura` varchar(255) DEFAULT NULL,
  PRIMARY KEY (`id_tipo_asignatura`)
) ENGINE=InnoDB AUTO_INCREMENT=4 DEFAULT CHARSET=utf8mb4 COLLATE=utf8mb4_general_ci;
/*!40101 SET character_set_client = @saved_cs_client */;

--
-- Dumping data for table `tipo_asignatura`
--

LOCK TABLES `tipo_asignatura` WRITE;
/*!40000 ALTER TABLE `tipo_asignatura` DISABLE KEYS */;
INSERT INTO `tipo_asignatura` VALUES (1,'Basica'),(2,'Generica'),(3,'Especifica');
/*!40000 ALTER TABLE `tipo_asignatura` ENABLE KEYS */;
UNLOCK TABLES;

--
-- Table structure for table `users`
--

DROP TABLE IF EXISTS `users`;
/*!40101 SET @saved_cs_client     = @@character_set_client */;
/*!40101 SET character_set_client = utf8 */;
CREATE TABLE `users` (
  `id` int(10) unsigned NOT NULL AUTO_INCREMENT,
  `username` varchar(30) DEFAULT NULL,
  `status` varchar(255) DEFAULT NULL,
  `status_message` varchar(255) DEFAULT NULL,
  `active` tinyint(1) NOT NULL DEFAULT 0,
  `last_active` datetime DEFAULT NULL,
  `created_at` datetime DEFAULT NULL,
  `updated_at` datetime DEFAULT NULL,
  `deleted_at` datetime DEFAULT NULL,
  PRIMARY KEY (`id`),
  UNIQUE KEY `username` (`username`)
) ENGINE=InnoDB AUTO_INCREMENT=9 DEFAULT CHARSET=utf8 COLLATE=utf8_general_ci;
/*!40101 SET character_set_client = @saved_cs_client */;

--
-- Dumping data for table `users`
--

LOCK TABLES `users` WRITE;
/*!40000 ALTER TABLE `users` DISABLE KEYS */;
INSERT INTO `users` VALUES (5,'Werin',NULL,NULL,1,NULL,'2023-06-19 20:51:58','2023-06-19 20:51:58',NULL),(6,'Jose',NULL,NULL,1,NULL,'2023-06-19 21:15:13','2023-06-19 21:15:13',NULL),(7,'Octavio',NULL,NULL,1,NULL,'2023-06-19 21:16:18','2023-06-19 21:16:18',NULL),(8,'Charraz',NULL,NULL,1,NULL,'2023-06-19 21:23:42','2023-06-19 21:23:42',NULL);
/*!40000 ALTER TABLE `users` ENABLE KEYS */;
UNLOCK TABLES;
/*!40103 SET TIME_ZONE=@OLD_TIME_ZONE */;

/*!40101 SET SQL_MODE=@OLD_SQL_MODE */;
/*!40014 SET FOREIGN_KEY_CHECKS=@OLD_FOREIGN_KEY_CHECKS */;
/*!40014 SET UNIQUE_CHECKS=@OLD_UNIQUE_CHECKS */;
/*!40101 SET CHARACTER_SET_CLIENT=@OLD_CHARACTER_SET_CLIENT */;
/*!40101 SET CHARACTER_SET_RESULTS=@OLD_CHARACTER_SET_RESULTS */;
/*!40101 SET COLLATION_CONNECTION=@OLD_COLLATION_CONNECTION */;
/*!40111 SET SQL_NOTES=@OLD_SQL_NOTES */;

-- Dump completed on 2023-07-21 17:12:16
